Name,UUID,Cape
neerdowell,29fd2f29-b4f9-46d0-a812-1de49f0d2b0c,admin
Dutchynl,1da631a4-ace2-4f6f-ba71-6779d659b149,admin
flyteless,75f0a7a0-0773-4c17-a265-109125a83375,flyteless
redcatone,dccbba36-6036-43f9-a04a-e656d687a989,contributor
TacoMonkey,8b5b9fd4-85e1-41d1-8a0a-a456656f5340,contributor
gronkDev,ec680660-4299-40b4-9c5f-8b18cdb42407,contributor
Sevudien (kevintok),f840de64-3445-4506-b75b-8fe61fd32e17,contributor
EntityInArray (cyberplebian),1766fb04-3569-4099-b420-9e3006c206bb,contributor
dimikron (DmitryProskurin),a8a0ab05-5edb-42ef-bc3d-4db7b49d83da,contributor
PurpleDino_,d6330821-e3a3-4a84-a50b-fa886506b162,contributor
esoterica,79808ae6-12f5-4842-824a-924eb5fb3240,contributor
Michi12332323 (michiderechte),ce2ad8ee-6523-4fee-aa6b-8f724e21463a,supporter
QaptainGeebs (qaptain),b895bee1-337c-42cf-acaa-9dc87698b6b1,supporter
Dopefull,962fb54e-b8e3-426f-8910-18894881968f,supporter
Technici4n,38592f92-5b6c-4911-813a-3aead5a64ebe,mod_developer
Azercoco,435d43db-0253-49d3-9d9f-81bfdd6c7997,mod_developer
dafuqs,5010ad09-0229-4d70-8a2c-bc254821dcb3,mod_developer
Swedz,a2dca537-693e-4ded-ac4b-c4006dd4d382,mod_developer
White_Phant0m,f83bd929-fbf0-4186-becb-658d676fcc42,mod_developer
Natte,97184eb6-cc38-4c23-8468-a618634d6ffa,mod_developer
Luligabi1,b179e7d7-8d0d-4aff-ad80-ed132952cb58,mod_developer
Zephyr,350d11b9-1754-47b7-80a5-b8e01b760ec8,content_creator
RelatableGaming,a96ca5dc-d8e5-43ba-8718-573993c31e91,content_creator
K3NW4Y,06e8d0fb-c6d0-49db-8c0f-f249cb8fa586,content_creator
_Ocean_Panther_,d6864671-f307-49be-bd1c-3193a66717f7,content_creator
JimmothyCow,aa1c113f-2447-40b4-b7af-316236b1453d,content_creator
JasmineHeartTwo,8e4a8b3b-5007-4620-b9c7-f6420ba77020,content_creator
kiddo69,1fd9aa8b-14c5-48ea-9db7-9db54dc50a86,beta_tester
TheRealImulsify,0474890b-d746-4dbc-a33d-1966841216f7,beta_tester
Breakdown,ee4585bc-8b03-448b-a74b-680355d2e47a,beta_tester
Camdog,fd6fd5a3-08b0-4fd6-89b4-4a8ab466b7a2,beta_tester
Blue3vilBunny,65934609-6f1c-4c35-8044-060249700649,beta_tester
torchamo,44996413-eeda-441b-8f23-5760a04056d2,beta_tester
Restitute,ac75ce61-4f5f-4233-b65c-fd5bdd3f1bd1,beta_tester
TheRoboticHydra,fc5b17ef-9054-4646-9c82-100e8b45478d,pack_completionist
andrew_10_,a97914b6-75a2-43bc-b177-7d684e01c2b5,pack_completionist
byzel,68b4f164-f793-4036-8a31-20ab74491e75,pack_completionist
1804 (The1804),31d8ce27-d826-4990-b36b-4dacc85b0820,pack_completionist
Andrei Mudrov,3dd5fbfa-e1df-4c6c-af67-ff5226495d14,pack_completionist
Diagnul,917c8dcd-ea2b-4709-83a0-3b9d5e8741a8,pack_completionist
Syees (DrProfMeister),04422d92-8760-4277-bf8e-f5d42d2bb1a8,pack_completionist
GThoro,d9e1d77a-a03c-40df-838f-77f2ea317214,pack_completionist
jOaSb,9d8cca5d-9e93-4616-9d85-5ee897e032c8,pack_completionist
ThomBern,13ab8ce5-e43a-4167-bef0-09355149f591,pack_completionist
Zebo,09048a34-dc24-4dec-8a25-c3ed92e9c962,pack_completionist
Duremudira,916ff53c-dceb-45c2-8833-e26d6ccaeb32,pack_completionist
sverd,b9e4d16f-3450-407b-b533-0cddcd459012,pack_completionist
Dobry (Despacito6969),688591d3-7de8-4869-b753-81e33b58e057,pack_completionist
Johny709,98f92fb9-a4fc-4232-8420-4716d319e0b9,pack_completionist
Sansy182 (kailo),643f3590-1cd9-497d-954b-37e64170f3ca,pack_completionist
Retaelous,5c161f82-f554-4a81-a626-9af17d608acf,pack_completionist
Troinen,5dc25de3-6ae7-4b62-a897-9e7d5aac1589,pack_completionist
kpvw (Water Face),9618faf4-9759-4ab6-ba84-efec7fee6fb5,pack_completionist
sreny1 (sreny),61b883c4-06d2-4e38-a926-e2c03e7fdea6,pack_completionist
niko (wizzahd),b53f5bf3-dcd1-4ace-accf-5af46a14199e,pack_completionist
LordTet,fe61819a-2333-4611-ae43-c599ab46c290,pack_completionist
Mokilicious (moki),b5e220e6-175c-46bb-b9ae-33e4dfa5d3f4,pack_completionist
ZootronPrime (ZootronJustin),2bd6d8e1-bb7d-4ef6-8ca8-78b0a0c582b3,pack_completionist
Geckuss (Heinous),192977a2-f397-458c-84d4-dcec835f7c50,pack_completionist
Gear (greebo),b576f774-9e3b-4d9c-977b-be899d902e27,pack_completionist
Hicaro,62a6f98e-fbe8-4d1d-8645-53ccdf6d910f,pack_completionist
WaffleBagel (WeeabooWill),19bc6152-8bae-4fa3-8333-b5b42fdf17b1,pack_completionist
itsClaus,15a0ae95-4591-4262-b5c8-dda76d982a46,pack_completionist
Irisirl,f6f608e9-cd46-4260-8feb-f2b741db69bc,pack_completionist
Skyecodes,dec8cf04-4596-4237-a296-253bb6fedfac,pack_completionist
S4s4LU123,96e516ec-dabb-46a5-a106-0de66035cd15,pack_completionist
KHthe8th,12bdf2de-ed57-45f9-985c-5fdddf57c6a6,pack_completionist
velziee,4f42dca4-05d2-4332-a8b7-74845109ad7a,pack_completionist
PlayingAvecFire (Bailey),199d1444-3884-4570-b7fc-9a8f38b7b918,pack_completionist
xdg22 (Felin),27b2034e-dc97-4211-abde-8c286a73d742,pack_completionist
konto3 (RadziSzop),eb2caf79-3782-460e-ad1a-21791269f8d0,pack_completionist
Spaghettoo,8da83201-ec2f-4a20-83ea-5376bd0de477,pack_completionist
brek768 (Breck),10729fb4-7a23-4bd7-8a5c-6e985506a730,pack_completionist
EpicLemon99,896a4155-10da-40c0-a5d5-895142436488,pack_completionist
_d_aniel (dani),a85ff96e-cba8-4737-aed9-2250c8e7a54d,pack_completionist
Renchon,62efa14d-2610-4d22-9a60-4588d6736efd,pack_completionist
Trevboar (Trevor),faff2979-b120-4da6-9fe8-ef8f57325ac6,pack_completionist
Atrain_A (Atrain),b1e21e23-8ed1-4425-9d80-2fae43f6534f,pack_completionist
Pairosox (px),6fa139e9-c2fd-4de0-a8dc-ba6cf76b4c01,pack_completionist
Ln_s1,362c62b0-ddd3-4c47-b659-96a560b37ef6,pack_completionist
is_daniel (MiDaLew),df4a69a7-62e4-4e24-8f1e-e068de769591,pack_completionist
ZcoperDK (Zcoper),cffabf8a-9b8a-428d-92ef-97157f350922,pack_completionist
5pec (Zcoper),cbfb459b-6ecd-4133-96c5-bef34d2582d4,pack_completionist
_bloxy (Zcoper),3da9a67d-3e3c-4b27-8144-d9de8ca86466,pack_completionist
Kerbek_02 (MiDaLew),f200205f-7d80-4884-9030-47369b3d36fe,pack_completionist
kil_lua (Malcom),e55c1334-d194-4eb5-9304-700000ac69e2,pack_completionist
kuchc1k (cube),587f9071-4de8-4598-a6ee-7b3c47585904,pack_completionist
fiveman2 (bread),3122cedc-6d89-4173-9554-e782901baf22,pack_completionist
