{
  "parent": "modern_industrialization:titanium_ingot",
  "criteria": {
    "checkInv": {
      "conditions": {
        "items": [
          {
            "items": [
              "modern_industrialization:pressurizer"
            ]
          }
        ]
      },
      "trigger": "minecraft:inventory_changed"
    }
  },
  "display": {
    "announce_to_chat": true,
    "description": {
      "translate": "advancements.modern_industrialization.pressurizer.description"
    },
    "frame": "task",
    "hidden": false,
    "icon": {
      "item": "modern_industrialization:pressurizer"
    },
    "show_toast": true,
    "title": {
      "translate": "advancements.modern_industrialization.pressurizer"
    }
  },
  "requirements": [
    [
      "checkInv"
    ]
  ]
}